Accuracy,Balanced Accuracy,Precision,Recall,F1-Score,ROC-AUC
0.985663082437276,0.9635610766045548,0.958904109589041,0.9333333333333333,0.9459459459459459,0.9939820565907522
